[{"topK": 980, "epochs": 1500, "symmetric": true, "sgd_mode": "sgd", "lambda_i": 3.6990924079510926e-05, "lambda_j": 0.00291185608790068, "learning_rate": 0.010709311277165507}, {"topK": 281, "epochs": 1500, "symmetric": true, "sgd_mode": "adagrad", "lambda_i": 0.0005545927437268233, "lambda_j": 0.00019954876245973385, "learning_rate": 0.00020665126262035024}, {"topK": 695, "epochs": 1500, "symmetric": false, "sgd_mode": "adam", "lambda_i": 1.2657229065785363e-05, "lambda_j": 0.00023334447522294446, "learning_rate": 0.006548256367022104}, {"topK": 239, "epochs": 1500, "symmetric": true, "sgd_mode": "adagrad", "lambda_i": 2.999996693732781e-05, "lambda_j": 0.0005826409668559521, "learning_rate": 0.0012486392285970059}, {"topK": 547, "epochs": 1500, "symmetric": true, "sgd_mode": "adagrad", "lambda_i": 2.9288627980909483e-05, "lambda_j": 0.0008452530534290479, "learning_rate": 0.000730447099956657}, {"topK": 5, "epochs": 1500, "symmetric": false, "sgd_mode": "adagrad", "lambda_i": 0.01, "lambda_j": 1e-05, "learning_rate": 0.1}, {"topK": 1000, "epochs": 1500, "symmetric": false, "sgd_mode": "adagrad", "lambda_i": 0.01, "lambda_j": 0.01, "learning_rate": 0.0001}, {"topK": 5, "epochs": 1500, "symmetric": false, "sgd_mode": "adagrad", "lambda_i": 1e-05, "lambda_j": 1e-05, "learning_rate": 0.0001}]