[{"topK": 735, "epochs": 1500, "symmetric": false, "sgd_mode": "adam", "lambda_i": 0.0052864966327713925, "lambda_j": 0.0007921840849547372, "learning_rate": 0.00470397046050412}, {"topK": 590, "epochs": 1500, "symmetric": false, "sgd_mode": "adagrad", "lambda_i": 0.0007335089970127398, "lambda_j": 4.26644673799492e-05, "learning_rate": 0.0012056910339645263}, {"topK": 757, "epochs": 1500, "symmetric": false, "sgd_mode": "adagrad", "lambda_i": 0.00016250096855074185, "lambda_j": 2.470141306401239e-05, "learning_rate": 0.00595697513989707}, null, null, null, null, null]