[{"topK": 77, "epochs": 1500, "symmetric": true, "sgd_mode": "adam", "lambda_i": 0.004255630273895884, "lambda_j": 0.005389084857004995, "learning_rate": 0.00035427673991570303}, {"topK": 281, "epochs": 1500, "symmetric": false, "sgd_mode": "sgd", "lambda_i": 0.002029586258592896, "lambda_j": 9.581265291087736e-05, "learning_rate": 0.00011359153988682851}, {"topK": 555, "epochs": 1500, "symmetric": false, "sgd_mode": "adagrad", "lambda_i": 0.00020037727425621668, "lambda_j": 0.009860417587291169, "learning_rate": 0.04192972146479952}, {"topK": 458, "epochs": 1500, "symmetric": false, "sgd_mode": "adam", "lambda_i": 2.6418925261836885e-05, "lambda_j": 1.5484506705451814e-05, "learning_rate": 0.06039847257334632}, null, null, null, null]