[{"topK": 68, "epochs": 7000, "symmetric": true, "sgd_mode": "adam", "lambda_i": 0.0019560567771969833, "lambda_j": 0.00042191722440810766, "learning_rate": 0.038716914420609275}, {"topK": 42, "epochs": 7000, "symmetric": false, "sgd_mode": "sgd", "lambda_i": 0.003887395307781475, "lambda_j": 0.00016663369098293262, "learning_rate": 0.0030918131767546887}, {"topK": 46, "epochs": 7000, "symmetric": true, "sgd_mode": "sgd", "lambda_i": 2.4345018043263296e-05, "lambda_j": 0.00010749562435787374, "learning_rate": 0.004431874834818757}, {"topK": 54, "epochs": 7000, "symmetric": false, "sgd_mode": "adam", "lambda_i": 7.007798764552096e-05, "lambda_j": 0.0002680101579864269, "learning_rate": 0.0039417090907858145}, {"topK": 20, "epochs": 7000, "symmetric": false, "sgd_mode": "sgd", "lambda_i": 0.0018964771677134758, "lambda_j": 0.0035886475334207637, "learning_rate": 0.021125168667539464}, {"topK": 70, "epochs": 7000, "symmetric": false, "sgd_mode": "adagrad", "lambda_i": 1e-05, "lambda_j": 1e-05, "learning_rate": 0.0001}, {"topK": 5, "epochs": 7000, "symmetric": true, "sgd_mode": "adagrad", "lambda_i": 0.01, "lambda_j": 1e-05, "learning_rate": 0.0001}, {"topK": 15, "epochs": 7000, "symmetric": true, "sgd_mode": "adagrad", "lambda_i": 3.1129871009145044e-05, "lambda_j": 0.009589770589522756, "learning_rate": 0.00012309167890623869}, null, null, null, null, null, null, null, null, null, null, null, null, null, null, null, null, null, null, null, null, null, null]