{"algorithm_name_search": "json", "algorithm_name_recommender": "json", "exception_list": "json", "hyperparameters_list": "json", "hyperparameters_best": "json", "hyperparameters_best_index": "json", "result_on_validation_list": "json", "result_on_validation_best": "json", "result_on_test_list": "json", "result_on_test_best": "json", "time_on_train_list": "json", "time_on_train_total": "json", "time_on_train_avg": "json", "time_on_validation_list": "json", "time_on_validation_total": "json", "time_on_validation_avg": "json", "time_on_test_list": "json", "time_on_test_total": "json", "time_on_test_avg": "json", "result_on_last": "json", "time_on_last_train": "json", "time_on_last_test": "json"}